Project Name,Package Name,Type Name,Method Name,Code Smell
alovoa,com.nonononoki.alovoa,Tools,getDistanceToUser,Long Statement
alovoa,com.nonononoki.alovoa,Tools,getDistanceToUser,Magic Number
alovoa,com.nonononoki.alovoa,Tools,getBase64Size,Magic Number
alovoa,com.nonononoki.alovoa,Tools,getBase64Size,Magic Number
alovoa,com.nonononoki.alovoa,Tools,getBase64Size,Magic Number
alovoa,com.nonononoki.alovoa,Tools,calcDistanceKm,Long Statement
alovoa,com.nonononoki.alovoa,Tools,calcDistanceKm,Magic Number
alovoa,com.nonononoki.alovoa,Tools,calcDistanceKm,Magic Number
alovoa,com.nonononoki.alovoa,Tools,calcDistanceKm,Magic Number
alovoa,com.nonononoki.alovoa,Tools,calcDistanceKm,Magic Number
alovoa,com.nonononoki.alovoa,Tools,calcDistanceKm,Magic Number
alovoa,com.nonononoki.alovoa,Tools,usersCompatible,Complex Conditional
alovoa,com.nonononoki.alovoa,Tools,usersCompatible,Long Statement
alovoa,com.nonononoki.alovoa,Tools,usersCompatible,Long Statement
alovoa,com.nonononoki.alovoa,Tools,getCountryEmoji,Magic Number
alovoa,com.nonononoki.alovoa,Tools,getCountryEmoji,Magic Number
alovoa,com.nonononoki.alovoa,Tools,getCountryEmoji,Magic Number
alovoa,com.nonononoki.alovoa,Tools,getCountryEmoji,Magic Number
alovoa,com.nonononoki.alovoa,Tools,getAuthParams,Long Parameter List
alovoa,com.nonononoki.alovoa,Tools,getAuthParams,Long Statement
alovoa,com.nonononoki.alovoa,Tools,getAuthParams,Long Parameter List
alovoa,com.nonononoki.alovoa,ToolsTest,test,Magic Number
alovoa,com.nonononoki.alovoa,ToolsTest,test,Magic Number
alovoa,com.nonononoki.alovoa,ToolsTest,testUsersCompatible,Magic Number
alovoa,com.nonononoki.alovoa,ToolsTest,testUsersCompatible,Magic Number
alovoa,com.nonononoki.alovoa,ToolsTest,testUsersCompatible,Magic Number
alovoa,com.nonononoki.alovoa,ToolsTest,testUsersCompatible,Magic Number
alovoa,com.nonononoki.alovoa,ToolsTest,testUsersCompatible,Magic Number
alovoa,com.nonononoki.alovoa,ToolsTest,testUsersCompatible,Magic Number
alovoa,com.nonononoki.alovoa,ToolsTest,testUsersCompatible,Magic Number
alovoa,com.nonononoki.alovoa,ToolsTest,testUsersCompatible,Magic Number
alovoa,com.nonononoki.alovoa,ToolsTest,testUsersCompatible,Magic Number
alovoa,com.nonononoki.alovoa,ToolsTest,testUsersCompatible,Magic Number
alovoa,com.nonononoki.alovoa,ToolsTest,testUsersCompatible,Magic Number
alovoa,com.nonononoki.alovoa,ToolsTest,testUsersCompatible,Magic Number
alovoa,com.nonononoki.alovoa,ToolsTest,testUsersCompatible,Magic Number
alovoa,com.nonononoki.alovoa,ToolsTest,testUsersCompatible,Magic Number
alovoa,com.nonononoki.alovoa,ToolsTest,testMinMaxAgePreferences,Magic Number
alovoa,com.nonononoki.alovoa,ToolsTest,testMinMaxAgePreferences,Magic Number
alovoa,com.nonononoki.alovoa,ToolsTest,testMinMaxAgePreferences,Magic Number
alovoa,com.nonononoki.alovoa,ToolsTest,testMinMaxAgePreferences,Magic Number
alovoa,com.nonononoki.alovoa,ToolsTest,testMinMaxAgePreferences,Magic Number
alovoa,com.nonononoki.alovoa,ToolsTest,testMinMaxAgePreferences,Magic Number
alovoa,com.nonononoki.alovoa,ToolsTest,testMinMaxAgePreferences,Magic Number
alovoa,com.nonononoki.alovoa,ToolsTest,testMinMaxAgePreferences,Magic Number
alovoa,com.nonononoki.alovoa,ToolsTest,testMinMaxAgePreferences,Magic Number
alovoa,com.nonononoki.alovoa,ToolsTest,testMinMaxAgePreferences,Magic Number
alovoa,com.nonononoki.alovoa,ToolsTest,testMinMaxAgePreferences,Magic Number
alovoa,com.nonononoki.alovoa,ToolsTest,testMinMaxAgePreferences,Magic Number
alovoa,com.nonononoki.alovoa,ToolsTest,testLargeNumberToString,Magic Number
alovoa,com.nonononoki.alovoa,ToolsTest,testLargeNumberToString,Magic Number
alovoa,com.nonononoki.alovoa,ToolsTest,testLargeNumberToString,Magic Number
alovoa,com.nonononoki.alovoa,ToolsTest,testLargeNumberToString,Magic Number
alovoa,com.nonononoki.alovoa.component,AuthSuccessHandler,onAuthenticationSuccess,Long Statement
alovoa,com.nonononoki.alovoa.component,AuthSuccessHandler,onAuthenticationSuccess,Long Statement
alovoa,com.nonononoki.alovoa.component,CustomTokenBasedRememberMeServices,onLoginSuccess,Magic Number
alovoa,com.nonononoki.alovoa.component,CustomTokenBasedRememberMeServices,getRememberMeCookieData,Magic Number
alovoa,com.nonononoki.alovoa.component,ExceptionHandler,handleConflict,Complex Conditional
alovoa,com.nonononoki.alovoa.component,ExceptionHandler,handleConflict,Long Statement
alovoa,com.nonononoki.alovoa.config,EventListenerConfig,setDefaultUserMiscInfo,Long Statement
alovoa,com.nonononoki.alovoa.config,EventListenerConfig,removeInvalidUsers,Long Statement
alovoa,com.nonononoki.alovoa.config,SecurityConfig,filterChain,Long Statement
alovoa,com.nonononoki.alovoa.config,SecurityConfig,filterChain,Magic Number
alovoa,com.nonononoki.alovoa.config,SecurityConfig,oAuthRememberMeServices,Long Statement
alovoa,com.nonononoki.alovoa.entity,User,setPreferedMinAge,Empty catch clause
alovoa,com.nonononoki.alovoa.entity,User,setPreferedMaxAge,Empty catch clause
alovoa,com.nonononoki.alovoa.html,AdminResource,admin,Long Statement
alovoa,com.nonononoki.alovoa.html,AdminResource,viewProfileMedia,Long Statement
alovoa,com.nonononoki.alovoa.html,AdminSearchResource,search,Long Statement
alovoa,com.nonononoki.alovoa.html,AdminVerificationResource,admin,Long Statement
alovoa,com.nonononoki.alovoa.html,AdminVerificationResource,admin,Long Statement
alovoa,com.nonononoki.alovoa.html,ApiResource,resourceDonate,Long Statement
alovoa,com.nonononoki.alovoa.html,ApiResource,resourceChats,Long Statement
alovoa,com.nonononoki.alovoa.html,ApiResource,resourceChatsDetail,Long Statement
alovoa,com.nonononoki.alovoa.html,ApiResource,resourceChatsDetail,Long Statement
alovoa,com.nonononoki.alovoa.html,ApiResource,resourceNotification,Complex Conditional
alovoa,com.nonononoki.alovoa.html,ApiResource,resourceNotification,Long Statement
alovoa,com.nonononoki.alovoa.html,ApiResource,resourceNotification,Long Statement
alovoa,com.nonononoki.alovoa.html,ApiResource,resourceProfileView,Long Statement
alovoa,com.nonononoki.alovoa.html,ApiResource,resourceProfileView,Long Statement
alovoa,com.nonononoki.alovoa.html,ApiResource,resourceProfileView,Long Statement
alovoa,com.nonononoki.alovoa.html,ApiResource,blockedUsers,Long Statement
alovoa,com.nonononoki.alovoa.html,ApiResource,blockedUsers,Long Statement
alovoa,com.nonononoki.alovoa.html,ApiResource,blockedUsers,Long Statement
alovoa,com.nonononoki.alovoa.html,ApiResource,likedUsers,Long Statement
alovoa,com.nonononoki.alovoa.html,ApiResource,likedUsers,Long Statement
alovoa,com.nonononoki.alovoa.html,ApiResource,likedUsers,Long Statement
alovoa,com.nonononoki.alovoa.html,ApiResource,dislikedUsers,Long Statement
alovoa,com.nonononoki.alovoa.html,ApiResource,dislikedUsers,Long Statement
alovoa,com.nonononoki.alovoa.html,ApiResource,dislikedUsers,Long Statement
alovoa,com.nonononoki.alovoa.html,InfoResource,imprint,Long Statement
alovoa,com.nonononoki.alovoa.html,ProfileResource,profile,Long Statement
alovoa,com.nonononoki.alovoa.html,ProfileResource,profile,Long Statement
alovoa,com.nonononoki.alovoa.html,DeleteAccountResourceTest,before,Long Statement
alovoa,com.nonononoki.alovoa.html,PasswordResourceTest,before,Long Statement
alovoa,com.nonononoki.alovoa.html,ProfileResourceTest,before,Long Statement
alovoa,com.nonononoki.alovoa.lib,OxCaptcha,OxCaptcha,Magic Number
alovoa,com.nonononoki.alovoa.lib,OxCaptcha,setFont,Magic Number
alovoa,com.nonononoki.alovoa.lib,OxCaptcha,text,Magic Number
alovoa,com.nonononoki.alovoa.lib,OxCaptcha,text,Magic Number
alovoa,com.nonononoki.alovoa.lib,OxCaptcha,text,Magic Number
alovoa,com.nonononoki.alovoa.lib,OxCaptcha,text,Magic Number
alovoa,com.nonononoki.alovoa.lib,OxCaptcha,text,Magic Number
alovoa,com.nonononoki.alovoa.lib,OxCaptcha,text,Magic Number
alovoa,com.nonononoki.alovoa.lib,OxCaptcha,text,Magic Number
alovoa,com.nonononoki.alovoa.lib,OxCaptcha,text,Long Parameter List
alovoa,com.nonononoki.alovoa.lib,OxCaptcha,text,Long Parameter List
alovoa,com.nonononoki.alovoa.lib,OxCaptcha,text,Long Parameter List
alovoa,com.nonononoki.alovoa.lib,OxCaptcha,textCentered,Magic Number
alovoa,com.nonononoki.alovoa.lib,OxCaptcha,textCentered,Magic Number
alovoa,com.nonononoki.alovoa.lib,OxCaptcha,blur,Magic Number
alovoa,com.nonononoki.alovoa.lib,OxCaptcha,gbConvolve,Magic Number
alovoa,com.nonononoki.alovoa.lib,OxCaptcha,gbConvolve,Magic Number
alovoa,com.nonononoki.alovoa.lib,OxCaptcha,blurGaussian,Magic Number
alovoa,com.nonononoki.alovoa.lib,OxCaptcha,blurGaussian3x3,Magic Number
alovoa,com.nonononoki.alovoa.lib,OxCaptcha,blurGaussian3x3,Magic Number
alovoa,com.nonononoki.alovoa.lib,OxCaptcha,blurGaussian3x3,Magic Number
alovoa,com.nonononoki.alovoa.lib,OxCaptcha,blurGaussian3x3,Magic Number
alovoa,com.nonononoki.alovoa.lib,OxCaptcha,blurGaussian3x3,Magic Number
alovoa,com.nonononoki.alovoa.lib,OxCaptcha,blurGaussian3x3,Magic Number
alovoa,com.nonononoki.alovoa.lib,OxCaptcha,blurGaussian3x3,Magic Number
alovoa,com.nonononoki.alovoa.lib,OxCaptcha,blurGaussian3x3,Magic Number
alovoa,com.nonononoki.alovoa.lib,OxCaptcha,blurGaussian3x3,Magic Number
alovoa,com.nonononoki.alovoa.lib,OxCaptcha,blurGaussian3x3,Magic Number
alovoa,com.nonononoki.alovoa.lib,OxCaptcha,blurGaussian3x3,Magic Number
alovoa,com.nonononoki.alovoa.lib,OxCaptcha,blurGaussian5x5s1,Long Statement
alovoa,com.nonononoki.alovoa.lib,OxCaptcha,blurGaussian5x5s1,Magic Number
alovoa,com.nonononoki.alovoa.lib,OxCaptcha,blurGaussian5x5s1,Magic Number
alovoa,com.nonononoki.alovoa.lib,OxCaptcha,blurGaussian5x5s1,Magic Number
alovoa,com.nonononoki.alovoa.lib,OxCaptcha,blurGaussian5x5s1,Magic Number
alovoa,com.nonononoki.alovoa.lib,OxCaptcha,blurGaussian5x5s1,Magic Number
alovoa,com.nonononoki.alovoa.lib,OxCaptcha,blurGaussian5x5s1,Magic Number
alovoa,com.nonononoki.alovoa.lib,OxCaptcha,blurGaussian5x5s1,Magic Number
alovoa,com.nonononoki.alovoa.lib,OxCaptcha,blurGaussian5x5s1,Magic Number
alovoa,com.nonononoki.alovoa.lib,OxCaptcha,blurGaussian5x5s1,Magic Number
alovoa,com.nonononoki.alovoa.lib,OxCaptcha,blurGaussian5x5s1,Magic Number
alovoa,com.nonononoki.alovoa.lib,OxCaptcha,blurGaussian5x5s1,Magic Number
alovoa,com.nonononoki.alovoa.lib,OxCaptcha,blurGaussian5x5s1,Magic Number
alovoa,com.nonononoki.alovoa.lib,OxCaptcha,blurGaussian5x5s1,Magic Number
alovoa,com.nonononoki.alovoa.lib,OxCaptcha,blurGaussian5x5s1,Magic Number
alovoa,com.nonononoki.alovoa.lib,OxCaptcha,blurGaussian5x5s1,Magic Number
alovoa,com.nonononoki.alovoa.lib,OxCaptcha,blurGaussian5x5s1,Magic Number
alovoa,com.nonononoki.alovoa.lib,OxCaptcha,blurGaussian5x5s1,Magic Number
alovoa,com.nonononoki.alovoa.lib,OxCaptcha,blurGaussian5x5s1,Magic Number
alovoa,com.nonononoki.alovoa.lib,OxCaptcha,blurGaussian5x5s1,Magic Number
alovoa,com.nonononoki.alovoa.lib,OxCaptcha,blurGaussian5x5s1,Magic Number
alovoa,com.nonononoki.alovoa.lib,OxCaptcha,blurGaussian5x5s1,Magic Number
alovoa,com.nonononoki.alovoa.lib,OxCaptcha,blurGaussian5x5s1,Magic Number
alovoa,com.nonononoki.alovoa.lib,OxCaptcha,blurGaussian5x5s1,Magic Number
alovoa,com.nonononoki.alovoa.lib,OxCaptcha,blurGaussian5x5s1,Magic Number
alovoa,com.nonononoki.alovoa.lib,OxCaptcha,blurGaussian5x5s1,Magic Number
alovoa,com.nonononoki.alovoa.lib,OxCaptcha,blurGaussian5x5s1,Magic Number
alovoa,com.nonononoki.alovoa.lib,OxCaptcha,blurGaussian5x5s1,Magic Number
alovoa,com.nonononoki.alovoa.lib,OxCaptcha,blurGaussian5x5s1,Magic Number
alovoa,com.nonononoki.alovoa.lib,OxCaptcha,blurGaussian5x5s1,Magic Number
alovoa,com.nonononoki.alovoa.lib,OxCaptcha,blurGaussian5x5s1,Magic Number
alovoa,com.nonononoki.alovoa.lib,OxCaptcha,blurGaussian5x5s1,Magic Number
alovoa,com.nonononoki.alovoa.lib,OxCaptcha,blurGaussian5x5s1,Magic Number
alovoa,com.nonononoki.alovoa.lib,OxCaptcha,blurGaussian5x5s1,Magic Number
alovoa,com.nonononoki.alovoa.lib,OxCaptcha,blurGaussian5x5s1,Magic Number
alovoa,com.nonononoki.alovoa.lib,OxCaptcha,blurGaussian5x5s1,Magic Number
alovoa,com.nonononoki.alovoa.lib,OxCaptcha,blurGaussian5x5s1,Magic Number
alovoa,com.nonononoki.alovoa.lib,OxCaptcha,blurGaussian5x5s1,Magic Number
alovoa,com.nonononoki.alovoa.lib,OxCaptcha,blurGaussian5x5s1,Magic Number
alovoa,com.nonononoki.alovoa.lib,OxCaptcha,blurGaussian5x5s1,Magic Number
alovoa,com.nonononoki.alovoa.lib,OxCaptcha,blurGaussian5x5s1,Magic Number
alovoa,com.nonononoki.alovoa.lib,OxCaptcha,blurGaussian5x5s1,Magic Number
alovoa,com.nonononoki.alovoa.lib,OxCaptcha,blurGaussian5x5s1,Magic Number
alovoa,com.nonononoki.alovoa.lib,OxCaptcha,blurGaussian5x5s1,Magic Number
alovoa,com.nonononoki.alovoa.lib,OxCaptcha,blurGaussian5x5s1,Magic Number
alovoa,com.nonononoki.alovoa.lib,OxCaptcha,blurGaussian5x5s1,Magic Number
alovoa,com.nonononoki.alovoa.lib,OxCaptcha,blurGaussian5x5s1,Magic Number
alovoa,com.nonononoki.alovoa.lib,OxCaptcha,blurGaussian5x5s1,Magic Number
alovoa,com.nonononoki.alovoa.lib,OxCaptcha,blurGaussian5x5s1,Magic Number
alovoa,com.nonononoki.alovoa.lib,OxCaptcha,blurGaussian5x5s2,Long Statement
alovoa,com.nonononoki.alovoa.lib,OxCaptcha,blurGaussian5x5s2,Magic Number
alovoa,com.nonononoki.alovoa.lib,OxCaptcha,blurGaussian5x5s2,Magic Number
alovoa,com.nonononoki.alovoa.lib,OxCaptcha,noiseCurvedLine,Magic Number
alovoa,com.nonononoki.alovoa.lib,OxCaptcha,noiseCurvedLine,Magic Number
alovoa,com.nonononoki.alovoa.lib,OxCaptcha,noiseCurvedLine,Magic Number
alovoa,com.nonononoki.alovoa.lib,OxCaptcha,noiseCurvedLine,Magic Number
alovoa,com.nonononoki.alovoa.lib,OxCaptcha,noiseCurvedLine,Long Statement
alovoa,com.nonononoki.alovoa.lib,OxCaptcha,noiseCurvedLine,Magic Number
alovoa,com.nonononoki.alovoa.lib,OxCaptcha,noiseCurvedLine,Magic Number
alovoa,com.nonononoki.alovoa.lib,OxCaptcha,noiseCurvedLine,Magic Number
alovoa,com.nonononoki.alovoa.lib,OxCaptcha,noiseCurvedLine,Magic Number
alovoa,com.nonononoki.alovoa.lib,OxCaptcha,noiseCurvedLine,Magic Number
alovoa,com.nonononoki.alovoa.lib,OxCaptcha,noiseCurvedLine,Magic Number
alovoa,com.nonononoki.alovoa.lib,OxCaptcha,noiseCurvedLine,Magic Number
alovoa,com.nonononoki.alovoa.lib,OxCaptcha,noiseCurvedLine,Magic Number
alovoa,com.nonononoki.alovoa.lib,OxCaptcha,noiseCurvedLine,Magic Number
alovoa,com.nonononoki.alovoa.lib,OxCaptcha,noiseStrokes,Magic Number
alovoa,com.nonononoki.alovoa.lib,OxCaptcha,noiseStrokes,Magic Number
alovoa,com.nonononoki.alovoa.lib,OxCaptcha,noiseStrokes,Long Statement
alovoa,com.nonononoki.alovoa.lib,OxCaptcha,noiseEllipses,Long Statement
alovoa,com.nonononoki.alovoa.lib,OxCaptcha,noiseStraightLine,Magic Number
alovoa,com.nonononoki.alovoa.lib,OxCaptcha,noiseStraightLine,Magic Number
alovoa,com.nonononoki.alovoa.lib,OxCaptcha,noiseStraightLine,Magic Number
alovoa,com.nonononoki.alovoa.lib,OxCaptcha,noiseStraightLine,Magic Number
alovoa,com.nonononoki.alovoa.lib,OxCaptcha,noiseStraightLine,Magic Number
alovoa,com.nonononoki.alovoa.lib,OxCaptcha,noiseStraightLine,Magic Number
alovoa,com.nonononoki.alovoa.lib,OxCaptcha,noiseStraightLine,Magic Number
alovoa,com.nonononoki.alovoa.lib,OxCaptcha,noiseStraightLine,Magic Number
alovoa,com.nonononoki.alovoa.lib,OxCaptcha,noiseStraightLine,Magic Number
alovoa,com.nonononoki.alovoa.lib,OxCaptcha,noiseStraightLine,Magic Number
alovoa,com.nonononoki.alovoa.lib,OxCaptcha,noiseStraightLine,Magic Number
alovoa,com.nonononoki.alovoa.lib,OxCaptcha,noiseStraightLine,Magic Number
alovoa,com.nonononoki.alovoa.lib,OxCaptcha,noiseStraightLine,Magic Number
alovoa,com.nonononoki.alovoa.lib,OxCaptcha,noiseSaltPepper,Magic Number
alovoa,com.nonononoki.alovoa.lib,OxCaptcha,noiseSaltPepper,Magic Number
alovoa,com.nonononoki.alovoa.lib,OxCaptcha,noiseWhiteGaussian,Magic Number
alovoa,com.nonononoki.alovoa.lib,OxCaptcha,noiseWhiteGaussian,Magic Number
alovoa,com.nonononoki.alovoa.lib,OxCaptcha,noiseWhiteUniform,Magic Number
alovoa,com.nonononoki.alovoa.lib,OxCaptcha,noiseWhiteUniform,Magic Number
alovoa,com.nonononoki.alovoa.lib,OxCaptcha,noiseWhiteUniform,Magic Number
alovoa,com.nonononoki.alovoa.lib,OxCaptcha,distortionFishEye,Magic Number
alovoa,com.nonononoki.alovoa.lib,OxCaptcha,distortionFishEye,Magic Number
alovoa,com.nonononoki.alovoa.lib,OxCaptcha,distortionFishEye,Magic Number
alovoa,com.nonononoki.alovoa.lib,OxCaptcha,distortionFishEye,Magic Number
alovoa,com.nonononoki.alovoa.lib,OxCaptcha,distortionStretch,Magic Number
alovoa,com.nonononoki.alovoa.lib,OxCaptcha,distortionStretch,Magic Number
alovoa,com.nonononoki.alovoa.lib,OxCaptcha,distortionElectric,Magic Number
alovoa,com.nonononoki.alovoa.lib,OxCaptcha,distortionElectric,Magic Number
alovoa,com.nonononoki.alovoa.lib,OxCaptcha,distortionElectric,Magic Number
alovoa,com.nonononoki.alovoa.lib,OxCaptcha,distortionElectric,Magic Number
alovoa,com.nonononoki.alovoa.lib,OxCaptcha,distortionElectric,Magic Number
alovoa,com.nonononoki.alovoa.lib,OxCaptcha,distortionElectric2,Magic Number
alovoa,com.nonononoki.alovoa.lib,OxCaptcha,distortionElectric2,Complex Conditional
alovoa,com.nonononoki.alovoa.lib,OxCaptcha,distortionElectric2,Magic Number
alovoa,com.nonononoki.alovoa.lib,OxCaptcha,distortionElectric2,Magic Number
alovoa,com.nonononoki.alovoa.lib,OxCaptcha,distortionElectric2,Magic Number
alovoa,com.nonononoki.alovoa.lib,OxCaptcha,distortionElectric2,Magic Number
alovoa,com.nonononoki.alovoa.lib,OxCaptcha,distortionElectric2,Magic Number
alovoa,com.nonononoki.alovoa.lib,OxCaptcha,distortionElectric2,Magic Number
alovoa,com.nonononoki.alovoa.lib,OxCaptcha,distortionElectric2,Magic Number
alovoa,com.nonononoki.alovoa.lib,OxCaptcha,distortionElectric2,Magic Number
alovoa,com.nonononoki.alovoa.lib,OxCaptcha,distortionElectric2,Magic Number
alovoa,com.nonononoki.alovoa.lib,OxCaptcha,distortionElectric2,Magic Number
alovoa,com.nonononoki.alovoa.lib,OxCaptcha,distortionElectric2,Magic Number
alovoa,com.nonononoki.alovoa.lib,OxCaptcha,distortionShear2,Magic Number
alovoa,com.nonononoki.alovoa.lib,OxCaptcha,distortionShear2,Magic Number
alovoa,com.nonononoki.alovoa.lib,OxCaptcha,distortionShear2,Magic Number
alovoa,com.nonononoki.alovoa.lib,OxCaptcha,distortionShear2,Magic Number
alovoa,com.nonononoki.alovoa.lib,OxCaptcha,distortionShear2,Magic Number
alovoa,com.nonononoki.alovoa.lib,OxCaptcha,distortionShear2,Magic Number
alovoa,com.nonononoki.alovoa.lib,OxCaptcha,distortionShear2,Magic Number
alovoa,com.nonononoki.alovoa.lib,OxCaptcha,distortionShear2,Magic Number
alovoa,com.nonononoki.alovoa.lib,OxCaptcha,distortionShear2,Magic Number
alovoa,com.nonononoki.alovoa.lib,OxCaptcha,distortionShear2,Magic Number
alovoa,com.nonononoki.alovoa.lib,OxCaptcha,distortionShear2,Long Parameter List
alovoa,com.nonononoki.alovoa.lib,OxCaptcha,distortionShear,Magic Number
alovoa,com.nonononoki.alovoa.lib,OxCaptcha,distortionShear,Magic Number
alovoa,com.nonononoki.alovoa.lib,OxCaptcha,distortionShear,Magic Number
alovoa,com.nonononoki.alovoa.lib,OxCaptcha,distortionShear,Magic Number
alovoa,com.nonononoki.alovoa.lib,OxCaptcha,distortionShear,Magic Number
alovoa,com.nonononoki.alovoa.lib,OxCaptcha,distortionShear,Magic Number
alovoa,com.nonononoki.alovoa.lib,OxCaptcha,distortionShear,Magic Number
alovoa,com.nonononoki.alovoa.lib,OxCaptcha,distortionShear,Magic Number
alovoa,com.nonononoki.alovoa.lib,OxCaptcha,distortionElastic,Magic Number
alovoa,com.nonononoki.alovoa.lib,OxCaptcha,distortionElastic,Magic Number
alovoa,com.nonononoki.alovoa.lib,OxCaptcha,distortionElastic,Magic Number
alovoa,com.nonononoki.alovoa.lib,OxCaptcha,distortionElastic,Complex Conditional
alovoa,com.nonononoki.alovoa.lib,OxCaptcha,distortionElastic,Complex Method
alovoa,com.nonononoki.alovoa.lib,OxCaptcha,distortionElastic,Magic Number
alovoa,com.nonononoki.alovoa.lib,OxCaptcha,distortionElastic,Magic Number
alovoa,com.nonononoki.alovoa.lib,OxCaptcha,distortionElastic,Magic Number
alovoa,com.nonononoki.alovoa.lib,OxCaptcha,distortionElastic,Magic Number
alovoa,com.nonononoki.alovoa.lib,OxCaptcha,distortionElastic,Magic Number
alovoa,com.nonononoki.alovoa.lib,OxCaptcha,distortionElastic,Magic Number
alovoa,com.nonononoki.alovoa.lib,OxCaptcha,distortionElastic,Magic Number
alovoa,com.nonononoki.alovoa.lib,OxCaptcha,distortionElastic,Magic Number
alovoa,com.nonononoki.alovoa.lib,OxCaptcha,distortionElastic,Magic Number
alovoa,com.nonononoki.alovoa.lib,OxCaptcha,distortionElastic,Magic Number
alovoa,com.nonononoki.alovoa.lib,OxCaptcha,distortionElastic,Magic Number
alovoa,com.nonononoki.alovoa.lib,OxCaptcha,normalize,Magic Number
alovoa,com.nonononoki.alovoa.lib,OxCaptcha,normalize,Magic Number
alovoa,com.nonononoki.alovoa.lib,OxCaptcha,recenter,Complex Method
alovoa,com.nonononoki.alovoa.lib,OxCaptcha,recenter,Magic Number
alovoa,com.nonononoki.alovoa.lib,OxCaptcha,recenter,Magic Number
alovoa,com.nonononoki.alovoa.lib,OxCaptcha,load,Magic Number
alovoa,com.nonononoki.alovoa.lib,OxCaptcha,getImageArray2D,Magic Number
alovoa,com.nonononoki.alovoa.lib,OxCaptcha,getImageArray2D,Magic Number
alovoa,com.nonononoki.alovoa.lib,OxCaptcha,getImageArray1D,Magic Number
alovoa,com.nonononoki.alovoa.lib,OxCaptcha,getImageArray1D,Magic Number
alovoa,com.nonononoki.alovoa.lib,OxCaptcha,fishEyeFormula,Magic Number
alovoa,com.nonononoki.alovoa.lib,OxCaptcha,fishEyeFormula,Magic Number
alovoa,com.nonononoki.alovoa.lib,OxCaptcha,fishEyeFormula,Magic Number
alovoa,com.nonononoki.alovoa.lib,OxCaptcha,shearX,Long Parameter List
alovoa,com.nonononoki.alovoa.lib,OxCaptcha,shearX,Magic Number
alovoa,com.nonononoki.alovoa.lib,OxCaptcha,shearX,Magic Number
alovoa,com.nonononoki.alovoa.lib,OxCaptcha,shearY,Long Parameter List
alovoa,com.nonononoki.alovoa.lib,OxCaptcha,shearY,Magic Number
alovoa,com.nonononoki.alovoa.lib,OxCaptcha,shearY,Magic Number
alovoa,com.nonononoki.alovoa.lib,OxCaptcha,singlePixelConvolution,Long Parameter List
alovoa,com.nonononoki.alovoa.lib,OxCaptcha,convolution2D,Long Parameter List
alovoa,com.nonononoki.alovoa.lib,OxCaptcha,convolution2DPadded,Long Parameter List
alovoa,com.nonononoki.alovoa.lib,OxCaptcha,convolution2DPadded,Magic Number
alovoa,com.nonononoki.alovoa.lib,OxCaptcha,convolution2DPadded,Magic Number
alovoa,com.nonononoki.alovoa.lib,OxCaptcha,gaussianDiscrete2D,Long Statement
alovoa,com.nonononoki.alovoa.lib,OxCaptcha,gaussianDiscrete2D,Magic Number
alovoa,com.nonononoki.alovoa.lib,OxCaptcha,gaussianDiscrete2D,Magic Number
alovoa,com.nonononoki.alovoa.lib,OxCaptcha,gaussianDiscrete2D,Magic Number
alovoa,com.nonononoki.alovoa.lib,OxCaptcha,gaussianDiscrete2D,Magic Number
alovoa,com.nonononoki.alovoa.lib,OxCaptcha,gaussianDiscrete2D,Magic Number
alovoa,com.nonononoki.alovoa.lib,OxCaptcha,gaussianDiscrete2D,Magic Number
alovoa,com.nonononoki.alovoa.lib,OxCaptcha,gaussianDiscrete2D,Magic Number
alovoa,com.nonononoki.alovoa.lib,OxCaptcha,gaussianDiscrete2D,Magic Number
alovoa,com.nonononoki.alovoa.lib,OxCaptcha,gaussianDiscrete2D,Magic Number
alovoa,com.nonononoki.alovoa.lib,OxCaptcha,gaussian2D,Magic Number
alovoa,com.nonononoki.alovoa.lib,OxCaptcha,gaussian2D,Magic Number
alovoa,com.nonononoki.alovoa.model,ConversationDto,conversationToDto,Long Statement
alovoa,com.nonononoki.alovoa.model,DonationDto,donationToDto,Long Parameter List
alovoa,com.nonononoki.alovoa.model,DonationDto,donationToDto,Long Statement
alovoa,com.nonononoki.alovoa.model,DonationDto,donationToDto,Long Parameter List
alovoa,com.nonononoki.alovoa.model,DonationDto,donationToDto,Long Statement
alovoa,com.nonononoki.alovoa.model,DonationDto,userToDto,Long Parameter List
alovoa,com.nonononoki.alovoa.model,DonationDto,userToDto,Long Statement
alovoa,com.nonononoki.alovoa.model,DonationDto,donationsToDtos,Long Parameter List
alovoa,com.nonononoki.alovoa.model,DonationDto,usersToDtos,Long Parameter List
alovoa,com.nonononoki.alovoa.model,NotificationDto,notificationToNotificationDto,Long Parameter List
alovoa,com.nonononoki.alovoa.model,NotificationDto,notificationToNotificationDto,Long Statement
alovoa,com.nonononoki.alovoa.model,UserDto,userToUserDto,Complex Method
alovoa,com.nonononoki.alovoa.model,UserDto,userToUserDto,Long Method
alovoa,com.nonononoki.alovoa.model,UserDto,userToUserDto,Long Statement
alovoa,com.nonononoki.alovoa.model,UserDto,userToUserDto,Long Statement
alovoa,com.nonononoki.alovoa.model,UserDto,userToUserDto,Long Statement
alovoa,com.nonononoki.alovoa.model,UserDto,userToUserDto,Long Statement
alovoa,com.nonononoki.alovoa.model,UserDto,userToUserDto,Long Statement
alovoa,com.nonononoki.alovoa.model,UserDto,userToUserDto,Long Statement
alovoa,com.nonononoki.alovoa.model,UserDto,userToUserDto,Magic Number
alovoa,com.nonononoki.alovoa.model,UserDto,userToUserDto,Magic Number
alovoa,com.nonononoki.alovoa.model,UserDto,userToUserDto,Magic Number
alovoa,com.nonononoki.alovoa.model,UserDto,userToUserDto,Magic Number
alovoa,com.nonononoki.alovoa.model,UserDto,getUserZodiac,Complex Conditional
alovoa,com.nonononoki.alovoa.model,UserDto,getUserZodiac,Complex Conditional
alovoa,com.nonononoki.alovoa.model,UserDto,getUserZodiac,Complex Conditional
alovoa,com.nonononoki.alovoa.model,UserDto,getUserZodiac,Complex Conditional
alovoa,com.nonononoki.alovoa.model,UserDto,getUserZodiac,Complex Conditional
alovoa,com.nonononoki.alovoa.model,UserDto,getUserZodiac,Complex Conditional
alovoa,com.nonononoki.alovoa.model,UserDto,getUserZodiac,Complex Conditional
alovoa,com.nonononoki.alovoa.model,UserDto,getUserZodiac,Complex Conditional
alovoa,com.nonononoki.alovoa.model,UserDto,getUserZodiac,Complex Conditional
alovoa,com.nonononoki.alovoa.model,UserDto,getUserZodiac,Complex Conditional
alovoa,com.nonononoki.alovoa.model,UserDto,getUserZodiac,Complex Conditional
alovoa,com.nonononoki.alovoa.model,UserDto,getUserZodiac,Complex Conditional
alovoa,com.nonononoki.alovoa.model,UserDto,getUserZodiac,Complex Method
alovoa,com.nonononoki.alovoa.model,UserDto,getUserZodiac,Magic Number
alovoa,com.nonononoki.alovoa.model,UserDto,getUserZodiac,Magic Number
alovoa,com.nonononoki.alovoa.model,UserDto,getUserZodiac,Magic Number
alovoa,com.nonononoki.alovoa.model,UserDto,getUserZodiac,Magic Number
alovoa,com.nonononoki.alovoa.model,UserDto,getUserZodiac,Magic Number
alovoa,com.nonononoki.alovoa.model,UserDto,getUserZodiac,Magic Number
alovoa,com.nonononoki.alovoa.model,UserDto,getUserZodiac,Magic Number
alovoa,com.nonononoki.alovoa.model,UserDto,getUserZodiac,Magic Number
alovoa,com.nonononoki.alovoa.model,UserDto,getUserZodiac,Magic Number
alovoa,com.nonononoki.alovoa.model,UserDto,getUserZodiac,Magic Number
alovoa,com.nonononoki.alovoa.model,UserDto,getUserZodiac,Magic Number
alovoa,com.nonononoki.alovoa.model,UserDto,getUserZodiac,Magic Number
alovoa,com.nonononoki.alovoa.model,UserDto,getUserZodiac,Magic Number
alovoa,com.nonononoki.alovoa.model,UserDto,getUserZodiac,Magic Number
alovoa,com.nonononoki.alovoa.model,UserDto,getUserZodiac,Magic Number
alovoa,com.nonononoki.alovoa.model,UserDto,getUserZodiac,Magic Number
alovoa,com.nonononoki.alovoa.model,UserDto,getUserZodiac,Magic Number
alovoa,com.nonononoki.alovoa.model,UserDto,getUserZodiac,Magic Number
alovoa,com.nonononoki.alovoa.model,UserDto,getUserZodiac,Magic Number
alovoa,com.nonononoki.alovoa.model,UserDto,getUserZodiac,Magic Number
alovoa,com.nonononoki.alovoa.model,UserDto,getUserZodiac,Magic Number
alovoa,com.nonononoki.alovoa.model,UserDto,getUserZodiac,Magic Number
alovoa,com.nonononoki.alovoa.model,UserDto,getUserZodiac,Magic Number
alovoa,com.nonononoki.alovoa.model,UserDto,getUserZodiac,Magic Number
alovoa,com.nonononoki.alovoa.model,UserDto,getUserZodiac,Magic Number
alovoa,com.nonononoki.alovoa.model,UserDto,getUserZodiac,Magic Number
alovoa,com.nonononoki.alovoa.model,UserDto,getUserZodiac,Magic Number
alovoa,com.nonononoki.alovoa.model,UserDto,getUserZodiac,Magic Number
alovoa,com.nonononoki.alovoa.model,UserDto,getUserZodiac,Magic Number
alovoa,com.nonononoki.alovoa.model,UserDto,getUserZodiac,Magic Number
alovoa,com.nonononoki.alovoa.model,UserDto,getUserZodiac,Magic Number
alovoa,com.nonononoki.alovoa.model,UserDto,getUserZodiac,Magic Number
alovoa,com.nonononoki.alovoa.model,UserDto,getUserZodiac,Magic Number
alovoa,com.nonononoki.alovoa.model,UserDto,getUserZodiac,Magic Number
alovoa,com.nonononoki.alovoa.model,UserDto,getUserZodiac,Magic Number
alovoa,com.nonononoki.alovoa.model,UserDto,getUserZodiac,Magic Number
alovoa,com.nonononoki.alovoa.model,UserDto,getUserZodiac,Magic Number
alovoa,com.nonononoki.alovoa.model,UserDto,getUserZodiac,Magic Number
alovoa,com.nonononoki.alovoa.model,UserDto,getUserZodiac,Magic Number
alovoa,com.nonononoki.alovoa.model,UserDto,map,Complex Conditional
alovoa,com.nonononoki.alovoa.model,UserDto,map,Long Statement
alovoa,com.nonononoki.alovoa.model,UserDtoVerificationPicture,map,Complex Conditional
alovoa,com.nonononoki.alovoa.model,UserDtoVerificationPicture,map,Long Statement
alovoa,com.nonononoki.alovoa.model,UserImageDto,buildFromUserImages,Long Statement
alovoa,com.nonononoki.alovoa.model,UserVerificationDto,map,Long Statement
alovoa,com.nonononoki.alovoa.repo,UserRepository,usersSearch,Long Statement
alovoa,com.nonononoki.alovoa.repo,UserRepository,usersSearchQuery,Long Parameter List
alovoa,com.nonononoki.alovoa.repo,UserRepository,usersSearchAllIgnoreLocation,Long Statement
alovoa,com.nonononoki.alovoa.repo,UserRepository,usersSearchIgnoreLocation,Long Parameter List
alovoa,com.nonononoki.alovoa.repo,UserRepository,usersSearchAllIgnoreLocationAndIntention,Long Statement
alovoa,com.nonononoki.alovoa.repo,UserRepository,usersSearchAllIgnoreAll,Long Statement
alovoa,com.nonononoki.alovoa.repo,UserRepository,usersDonate,Long Statement
alovoa,com.nonononoki.alovoa.repo,UserRepository,adminSearch,Long Statement
alovoa,com.nonononoki.alovoa.repo,UserRepository,findTop200ByDisabledFalseAndAdminFalseAndConfirmedTrueAndIntentionNotNullAndLocationLatitudeNotNullAndProfilePictureNotNullAndDatesDateOfBirthGreaterThanEqualAndDatesDateOfBirthLessThanEqualAndIdNotInAndIdNotInAndIdNotInAndGenderIdIn,Long Parameter List
alovoa,com.nonononoki.alovoa.repo,UserRepository,findTop50ByDisabledFalseAndAdminFalseAndConfirmedTrueAndIntentionNotNullAndLocationLatitudeNotNullAndProfilePictureNotNullAndDatesDateOfBirthGreaterThanEqualAndDatesDateOfBirthLessThanEqualAndIdNotInAndIdNotInAndIdNotIn,Long Parameter List
alovoa,com.nonononoki.alovoa.rest,MessageController,getMessagesModel,Long Statement
alovoa,com.nonononoki.alovoa.rest,MessageController,getMessagesModel,Long Statement
alovoa,com.nonononoki.alovoa.rest,Oauth2Controller,oauth2Success,Complex Conditional
alovoa,com.nonononoki.alovoa.rest,Oauth2Controller,oauth2Success,Complex Method
alovoa,com.nonononoki.alovoa.rest,Oauth2Controller,oauth2Success,Long Statement
alovoa,com.nonononoki.alovoa.rest,Oauth2Controller,oauth2Success,Long Statement
alovoa,com.nonononoki.alovoa.rest,Oauth2Controller,getRememberMeCookie,Long Statement
alovoa,com.nonononoki.alovoa.rest,SearchController,getUsers,Long Parameter List
alovoa,com.nonononoki.alovoa.rest,SearchController,getUsersModel,Long Parameter List
alovoa,com.nonononoki.alovoa.service,AdminService,viewProfile,Long Statement
alovoa,com.nonononoki.alovoa.service,AdminService,banUser,Long Statement
alovoa,com.nonononoki.alovoa.service,AdminService,deleteAccount,Empty catch clause
alovoa,com.nonononoki.alovoa.service,AdminService,deleteAccount,Long Statement
alovoa,com.nonononoki.alovoa.service,AdminService,addDonation,Empty catch clause
alovoa,com.nonononoki.alovoa.service,DonateService,filter,Long Statement
alovoa,com.nonononoki.alovoa.service,DonateService,filter,Long Statement
alovoa,com.nonononoki.alovoa.service,DonateService,donationReceivedKofi,Complex Conditional
alovoa,com.nonononoki.alovoa.service,DonateService,donationReceivedKofi,Long Statement
alovoa,com.nonononoki.alovoa.service,MailService,sendRegistrationMail,Long Statement
alovoa,com.nonononoki.alovoa.service,MailService,sendPasswordResetMail,Long Statement
alovoa,com.nonononoki.alovoa.service,MailService,sendAccountDeleteRequest,Long Statement
alovoa,com.nonononoki.alovoa.service,MailService,sendAccountDeleteConfirm,Long Statement
alovoa,com.nonononoki.alovoa.service,MailService,sendAccountConfirmed,Long Statement
alovoa,com.nonononoki.alovoa.service,MailService,sendChatNotificationMail,Long Statement
alovoa,com.nonononoki.alovoa.service,MediaService,getVerificationPicture,Long Identifier
alovoa,com.nonononoki.alovoa.service,MediaService,getBase64Data,Magic Number
alovoa,com.nonononoki.alovoa.service,MessageService,send,Complex Method
alovoa,com.nonononoki.alovoa.service,MessageService,send,Long Statement
alovoa,com.nonononoki.alovoa.service,MessageService,send,Long Statement
alovoa,com.nonononoki.alovoa.service,MessageService,updateCheckedDate,Long Statement
alovoa,com.nonononoki.alovoa.service,RegisterService,registerOauth,Complex Conditional
alovoa,com.nonononoki.alovoa.service,RegisterService,registerConfirm,Complex Conditional
alovoa,com.nonononoki.alovoa.service,RegisterService,registerBase,Complex Method
alovoa,com.nonononoki.alovoa.service,SearchService,search,Complex Conditional
alovoa,com.nonononoki.alovoa.service,SearchService,search,Long Statement
alovoa,com.nonononoki.alovoa.service,SearchService,searchResultstoUserDto,Long Statement
alovoa,com.nonononoki.alovoa.service,SearchService,searchResultstoUserDto,Long Statement
alovoa,com.nonononoki.alovoa.service,UserPromptService,updatePrompt,Long Statement
alovoa,com.nonononoki.alovoa.service,UserService,removeUserDataCascading,Complex Method
alovoa,com.nonononoki.alovoa.service,UserService,removeUserDataCascading,Long Method
alovoa,com.nonononoki.alovoa.service,UserService,convertAudioMp3Wav,Magic Number
alovoa,com.nonononoki.alovoa.service,UserService,convertAudioMp3Wav,Magic Number
alovoa,com.nonononoki.alovoa.service,UserService,deleteAccountConfirm,Long Statement
alovoa,com.nonononoki.alovoa.service,UserService,updateIntention,Long Statement
alovoa,com.nonononoki.alovoa.service,UserService,updateUserMiscInfo,Long Statement
alovoa,com.nonononoki.alovoa.service,UserService,updateUserMiscInfo,Long Statement
alovoa,com.nonononoki.alovoa.service,UserService,addInterest,Complex Conditional
alovoa,com.nonononoki.alovoa.service,UserService,addInterest,Long Statement
alovoa,com.nonononoki.alovoa.service,UserService,getInterestAutocomplete,Long Statement
alovoa,com.nonononoki.alovoa.service,UserService,adjustPicture,Magic Number
alovoa,com.nonononoki.alovoa.service,UserService,adjustPicture,Magic Number
alovoa,com.nonononoki.alovoa.service,UserService,adjustPicture,Magic Number
alovoa,com.nonononoki.alovoa.service,UserService,adjustPicture,Magic Number
alovoa,com.nonononoki.alovoa.service,UserService,likeUser,Complex Method
alovoa,com.nonononoki.alovoa.service,UserService,likeUser,Long Statement
alovoa,com.nonononoki.alovoa.service,UserService,likeUser,Long Statement
alovoa,com.nonononoki.alovoa.service,UserService,likeUser,Long Statement
alovoa,com.nonononoki.alovoa.service,UserService,hasNewMessage,Complex Conditional
alovoa,com.nonononoki.alovoa.service,UserService,upvoteVerificationPicture,Long Statement
alovoa,com.nonononoki.alovoa.service,UserService,downvoteVerificationPicture,Long Statement
alovoa,com.nonononoki.alovoa.service,AdminServiceTest,before,Long Statement
alovoa,com.nonononoki.alovoa.service,AdminServiceTest,test,Magic Number
alovoa,com.nonononoki.alovoa.service,AdminServiceTest,test,Magic Number
alovoa,com.nonononoki.alovoa.service,DonateServiceTest,before,Long Statement
alovoa,com.nonononoki.alovoa.service,DonateServiceTest,test,Magic Number
alovoa,com.nonononoki.alovoa.service,DonateServiceTest,test,Magic Number
alovoa,com.nonononoki.alovoa.service,DonateServiceTest,test,Magic Number
alovoa,com.nonononoki.alovoa.service,DonateServiceTest,testWithRealDataKofi,Long Statement
alovoa,com.nonononoki.alovoa.service,DonateServiceTest,testWithRealDataKofi,Magic Number
alovoa,com.nonononoki.alovoa.service,PasswordServiceTest,before,Long Statement
alovoa,com.nonononoki.alovoa.service,RegisterServiceTest,getTestUsers,Magic Number
alovoa,com.nonononoki.alovoa.service,RegisterServiceTest,getTestUsers,Magic Number
alovoa,com.nonononoki.alovoa.service,RegisterServiceTest,deleteAllUsers,Long Parameter List
alovoa,com.nonononoki.alovoa.service,RegisterServiceTest,deleteGivenUser,Long Parameter List
alovoa,com.nonononoki.alovoa.service,ScheduleServiceTest,before,Long Statement
alovoa,com.nonononoki.alovoa.service,ScheduleServiceTest,test,Magic Number
alovoa,com.nonononoki.alovoa.service,ScheduleServiceTest,test,Magic Number
alovoa,com.nonononoki.alovoa.service,ScheduleServiceTest,test,Magic Number
alovoa,com.nonononoki.alovoa.service,ScheduleServiceTest,test,Magic Number
alovoa,com.nonononoki.alovoa.service,ScheduleServiceTest,testScheduleLong,Magic Number
alovoa,com.nonononoki.alovoa.service,ScheduleServiceTest,testScheduleLong,Magic Number
alovoa,com.nonononoki.alovoa.service,ScheduleServiceTest,testScheduleLong,Magic Number
alovoa,com.nonononoki.alovoa.service,ScheduleServiceTest,testScheduleLong,Magic Number
alovoa,com.nonononoki.alovoa.service,ScheduleServiceTest,testScheduleLong,Magic Number
alovoa,com.nonononoki.alovoa.service,ScheduleServiceTest,testScheduleLong,Magic Number
alovoa,com.nonononoki.alovoa.service,SearchAndMessageServiceTest,before,Long Statement
alovoa,com.nonononoki.alovoa.service,SearchAndMessageServiceTest,test,Long Method
alovoa,com.nonononoki.alovoa.service,SearchAndMessageServiceTest,test,Magic Number
alovoa,com.nonononoki.alovoa.service,SearchAndMessageServiceTest,test,Magic Number
alovoa,com.nonononoki.alovoa.service,SearchAndMessageServiceTest,test,Magic Number
alovoa,com.nonononoki.alovoa.service,SearchAndMessageServiceTest,test,Magic Number
alovoa,com.nonononoki.alovoa.service,SearchAndMessageServiceTest,test,Magic Number
alovoa,com.nonononoki.alovoa.service,SearchAndMessageServiceTest,test,Magic Number
alovoa,com.nonononoki.alovoa.service,SearchAndMessageServiceTest,test,Magic Number
alovoa,com.nonononoki.alovoa.service,SearchAndMessageServiceTest,test,Magic Number
alovoa,com.nonononoki.alovoa.service,SearchAndMessageServiceTest,test,Magic Number
alovoa,com.nonononoki.alovoa.service,SearchAndMessageServiceTest,test,Magic Number
alovoa,com.nonononoki.alovoa.service,SearchAndMessageServiceTest,test,Magic Number
alovoa,com.nonononoki.alovoa.service,SearchAndMessageServiceTest,test,Magic Number
alovoa,com.nonononoki.alovoa.service,SearchAndMessageServiceTest,test,Magic Number
alovoa,com.nonononoki.alovoa.service,SearchAndMessageServiceTest,test,Magic Number
alovoa,com.nonononoki.alovoa.service,SearchAndMessageServiceTest,test,Magic Number
alovoa,com.nonononoki.alovoa.service,SearchAndMessageServiceTest,test,Magic Number
alovoa,com.nonononoki.alovoa.service,SearchAndMessageServiceTest,test,Magic Number
alovoa,com.nonononoki.alovoa.service,SearchAndMessageServiceTest,test,Magic Number
alovoa,com.nonononoki.alovoa.service,SearchAndMessageServiceTest,test,Magic Number
alovoa,com.nonononoki.alovoa.service,SearchAndMessageServiceTest,test,Magic Number
alovoa,com.nonononoki.alovoa.service,SearchAndMessageServiceTest,test,Magic Number
alovoa,com.nonononoki.alovoa.service,SearchAndMessageServiceTest,test,Magic Number
alovoa,com.nonononoki.alovoa.service,SearchAndMessageServiceTest,test,Magic Number
alovoa,com.nonononoki.alovoa.service,SearchAndMessageServiceTest,test,Magic Number
alovoa,com.nonononoki.alovoa.service,SearchAndMessageServiceTest,test,Magic Number
alovoa,com.nonononoki.alovoa.service,SearchAndMessageServiceTest,test,Magic Number
alovoa,com.nonononoki.alovoa.service,SearchAndMessageServiceTest,test,Magic Number
alovoa,com.nonononoki.alovoa.service,SearchAndMessageServiceTest,test,Magic Number
alovoa,com.nonononoki.alovoa.service,SearchAndMessageServiceTest,test,Magic Number
alovoa,com.nonononoki.alovoa.service,SearchAndMessageServiceTest,test,Magic Number
alovoa,com.nonononoki.alovoa.service,SearchAndMessageServiceTest,test,Magic Number
alovoa,com.nonononoki.alovoa.service,SearchAndMessageServiceTest,test,Magic Number
alovoa,com.nonononoki.alovoa.service,SearchAndMessageServiceTest,test,Magic Number
alovoa,com.nonononoki.alovoa.service,SearchAndMessageServiceTest,test,Magic Number
alovoa,com.nonononoki.alovoa.service,SearchAndMessageServiceTest,test,Magic Number
alovoa,com.nonononoki.alovoa.service,SearchAndMessageServiceTest,test,Magic Number
alovoa,com.nonononoki.alovoa.service,SearchAndMessageServiceTest,test,Magic Number
alovoa,com.nonononoki.alovoa.service,SearchAndMessageServiceTest,test,Magic Number
alovoa,com.nonononoki.alovoa.service,SearchAndMessageServiceTest,test,Magic Number
alovoa,com.nonononoki.alovoa.service,SearchAndMessageServiceTest,test,Magic Number
alovoa,com.nonononoki.alovoa.service,SearchAndMessageServiceTest,test,Magic Number
alovoa,com.nonononoki.alovoa.service,SearchAndMessageServiceTest,test,Magic Number
alovoa,com.nonononoki.alovoa.service,SearchAndMessageServiceTest,test,Magic Number
alovoa,com.nonononoki.alovoa.service,SearchAndMessageServiceTest,test,Magic Number
alovoa,com.nonononoki.alovoa.service,SearchAndMessageServiceTest,test,Magic Number
alovoa,com.nonononoki.alovoa.service,UserPromptServiceTest,before,Long Statement
alovoa,com.nonononoki.alovoa.service,UserPromptServiceTest,test,Long Statement
alovoa,com.nonononoki.alovoa.service,UserPromptServiceTest,test,Magic Number
alovoa,com.nonononoki.alovoa.service,UserServiceTest,before,Long Statement
alovoa,com.nonononoki.alovoa.service,UserServiceTest,test,Long Method
alovoa,com.nonononoki.alovoa.service,UserServiceTest,test,Long Statement
alovoa,com.nonononoki.alovoa.service,UserServiceTest,test,Long Statement
alovoa,com.nonononoki.alovoa.service,UserServiceTest,test,Long Statement
alovoa,com.nonononoki.alovoa.service,UserServiceTest,test,Long Statement
alovoa,com.nonononoki.alovoa.service,UserServiceTest,test,Long Statement
alovoa,com.nonononoki.alovoa.service,UserServiceTest,test,Magic Number
alovoa,com.nonononoki.alovoa.service,UserServiceTest,test,Magic Number
alovoa,com.nonononoki.alovoa.service,UserServiceTest,test,Magic Number
alovoa,com.nonononoki.alovoa.service,UserServiceTest,test,Magic Number
alovoa,com.nonononoki.alovoa.service,UserServiceTest,test,Magic Number
alovoa,com.nonononoki.alovoa.service,UserServiceTest,test,Magic Number
alovoa,com.nonononoki.alovoa.service,UserServiceTest,test,Magic Number
alovoa,com.nonononoki.alovoa.service,UserServiceTest,test,Magic Number
alovoa,com.nonononoki.alovoa.service,UserServiceTest,test,Magic Number
alovoa,com.nonononoki.alovoa.service,UserServiceTest,test,Magic Number
alovoa,com.nonononoki.alovoa.service,UserServiceTest,test,Magic Number
alovoa,com.nonononoki.alovoa.service,UserServiceTest,test,Magic Number
alovoa,com.nonononoki.alovoa.service,UserServiceTest,test,Magic Number
alovoa,com.nonononoki.alovoa.service,UserServiceTest,testGetInterestAutocomplete,Magic Number
alovoa,com.nonononoki.alovoa.service,UserServiceTest,testGetInterestAutocomplete,Magic Number
alovoa,com.nonononoki.alovoa.service,UserServiceTest,testGetInterestAutocomplete,Magic Number
alovoa,com.nonononoki.alovoa.service,UserServiceTest,testGetInterestAutocomplete,Magic Number
alovoa,com.nonononoki.alovoa.service,UserServiceTest,testGetInterestAutocomplete,Magic Number
alovoa,com.nonononoki.alovoa.service,UserServiceTest,testGetInterestAutocomplete,Magic Number
alovoa,com.nonononoki.alovoa.service,UserServiceTest,testGetInterestAutocomplete,Magic Number
alovoa,com.nonononoki.alovoa.service,UserServiceTest,testGetInterestAutocomplete,Magic Number
alovoa,com.nonononoki.alovoa.service,UserServiceTest,testVerificationProcess,Magic Number
alovoa,com.nonononoki.alovoa.service,UserSettingsServiceTest,before,Long Statement
alovoa,com.nonononoki.alovoa.service,UserSettingsServiceTest,testUpdateUserSettings,Magic Number
alovoa,com.nonononoki.alovoa.runner,TextEncryptorConverterTest,randomTest,Magic Number
